month,HistoricalNaturalFlow.AboveLeesFerry
1905-10-01,458528
1905-11-01,401644
1905-12-01,226871
1906-01-01,244314
1906-02-01,292534
1906-03-01,678174
1906-04-01,1204640
1906-05-01,3635101
1906-06-01,5014167
1906-07-01,2950460
1906-08-01,1605086
1906-09-01,1503159
1906-10-01,739807
1906-11-01,503006
1906-12-01,353312
1907-01-01,356760
1907-02-01,377349
1907-03-01,789130
1907-04-01,1465838
1907-05-01,2702179
1907-06-01,5967232
1907-07-01,5103491
1907-08-01,1920787
1907-09-01,955414
1907-10-01,608812
1907-11-01,377467
1907-12-01,268130
1908-01-01,276192
1908-02-01,379543
1908-03-01,664762
1908-04-01,1041224
1908-05-01,1595614
1908-06-01,2922360
1908-07-01,1924283
1908-08-01,1117477
1908-09-01,598088
1908-10-01,483627
1908-11-01,395707
1908-12-01,312145
1909-01-01,378989
1909-02-01,317458
1909-03-01,763721
1909-04-01,1120492
1909-05-01,3349297
1909-06-01,7203254
1909-07-01,4109919
1909-08-01,1880422
1909-09-01,1526396
1909-10-01,680646
1909-11-01,489990
1909-12-01,377548
1910-01-01,289322
1910-02-01,493565
1910-03-01,1403871
1910-04-01,1730475
1910-05-01,3298793
1910-06-01,3101705
1910-07-01,1373125
1910-08-01,866631
1910-09-01,630999
1910-10-01,616468
1910-11-01,445769
1910-12-01,345922
1911-01-01,367374
1911-02-01,482597
1911-03-01,902111
1911-04-01,951815
1911-05-01,2924637
1911-06-01,4124342
1911-07-01,2353784
1911-08-01,1016615
1911-09-01,593647
1911-10-01,1138004
1911-11-01,442055
1911-12-01,353041
1912-01-01,346041
1912-02-01,327037
1912-03-01,538143
1912-04-01,902408
1912-05-01,3684152
1912-06-01,6151096
1912-07-01,3206236
1912-08-01,1362372
1912-09-01,631542
1912-10-01,636273
1912-11-01,533066
1912-12-01,305039
1913-01-01,354040
1913-02-01,314036
1913-03-01,523341
1913-04-01,1829662
1913-05-01,3270773
1913-06-01,3144987
1913-07-01,1984477
1913-08-01,874871
1913-09-01,701627
1913-10-01,670352
1913-11-01,538369
1913-12-01,329845
1914-01-01,369539
1914-02-01,401134
1914-03-01,876055
1914-04-01,1593815
1914-05-01,4685651
1914-06-01,6296012
1914-07-01,3116693
1914-08-01,1405438
1914-09-01,783864
1914-10-01,964927
1914-11-01,527355
1914-12-01,334330
1915-01-01,304134
1915-02-01,397336
1915-03-01,525839
1915-04-01,1483872
1915-05-01,2427137
1915-06-01,3642472
1915-07-01,2147795
1915-08-01,853538
1915-09-01,528868
1915-10-01,557983
1915-11-01,411050
1915-12-01,343248
1916-01-01,393996
1916-02-01,424367
1916-03-01,1391402
1916-04-01,1802735
1916-05-01,3736188
1916-06-01,4752149
1916-07-01,2633061
1916-08-01,1931864
1916-09-01,809499
1916-10-01,1402792
1916-11-01,495715
1916-12-01,369117
1917-01-01,260297
1917-02-01,351858
1917-03-01,506892
1917-04-01,1545288
1917-05-01,3763312
1917-06-01,7772051
1917-07-01,4940893
1917-08-01,1618992
1917-09-01,822052
1917-10-01,510346
1917-11-01,448052
1917-12-01,402771
1918-01-01,356293
1918-02-01,373570
1918-03-01,655998
1918-04-01,901047
1918-05-01,2760606
1918-06-01,5393082
1918-07-01,2288860
1918-08-01,968226
1918-09-01,691873
1918-10-01,569909
1918-11-01,496385
1918-12-01,410088
1919-01-01,287188
1919-02-01,316951
1919-03-01,653288
1919-04-01,1414719
1919-05-01,3231443
1919-06-01,2597757
1919-07-01,1537304
1919-08-01,904499
1919-09-01,531938
1919-10-01,377401
1919-11-01,404787
1919-12-01,394092
1920-01-01,406940
1920-02-01,601644
1920-03-01,685472
1920-04-01,983984
1920-05-01,5917499
1920-06-01,6993901
1920-07-01,3165232
1920-08-01,1376497
1920-09-01,620527
1920-10-01,534996
1920-11-01,596367
1920-12-01,404572
1921-01-01,414071
1921-02-01,456635
1921-03-01,943676
1921-04-01,930238
1921-05-01,4180109
1921-06-01,8467231
1921-07-01,2849389
1921-08-01,1972571
1921-09-01,953215
1921-10-01,477741
1921-11-01,410812
1921-12-01,458713
1922-01-01,354102
1922-02-01,429948
1922-03-01,867877
1922-04-01,1224473
1922-05-01,4874849
1922-06-01,5624070
1922-07-01,2096584
1922-08-01,1087967
1922-09-01,617284
1922-10-01,327500
1922-11-01,391261
1922-12-01,400862
1923-01-01,369732
1923-02-01,336029
1923-03-01,427753
1923-04-01,1296746
1923-05-01,4029114
1923-06-01,5099406
1923-07-01,2998439
1923-08-01,1664755
1923-09-01,985871
1923-10-01,731926
1923-11-01,632012
1923-12-01,425855
1924-01-01,314158
1924-02-01,490542
1924-03-01,496310
1924-04-01,1658525
1924-05-01,3384372
1924-06-01,3828658
1924-07-01,1628866
1924-08-01,680819
1924-09-01,378899
1924-10-01,389461
1924-11-01,397899
1924-12-01,280177
1925-01-01,266334
1925-02-01,391292
1925-03-01,594432
1925-04-01,1469823
1925-05-01,2624348
1925-06-01,2913545
1925-07-01,2042150
1925-08-01,1005794
1925-09-01,1139183
1925-10-01,998383
1925-11-01,604169
1925-12-01,456166
1926-01-01,367550
1926-02-01,360767
1926-03-01,616477
1926-04-01,1722211
1926-05-01,3686355
1926-06-01,4132000
1926-07-01,1937082
1926-08-01,916457
1926-09-01,451009
1926-10-01,465656
1926-11-01,339146
1926-12-01,383708
1927-01-01,341604
1927-02-01,390123
1927-03-01,606873
1927-04-01,1369061
1927-05-01,4348392
1927-06-01,4127326
1927-07-01,3040807
1927-08-01,1263371
1927-09-01,2013698
1927-10-01,948204
1927-11-01,738283
1927-12-01,458035
1928-01-01,457184
1928-02-01,454767
1928-03-01,777155
1928-04-01,1103775
1928-05-01,4821916
1928-06-01,4261452
1928-07-01,2204925
1928-08-01,998312
1928-09-01,546594
1928-10-01,615502
1928-11-01,570122
1928-12-01,348705
1929-01-01,337118
1929-02-01,351565
1929-03-01,915700
1929-04-01,1774777
1929-05-01,4602167
1929-06-01,5504354
1929-07-01,2714041
1929-08-01,2341485
1929-09-01,1715620
1929-10-01,956703
1929-11-01,564438
1929-12-01,440904
1930-01-01,300711
1930-02-01,457920
1930-03-01,563639
1930-04-01,1862406
1930-05-01,2225165
1930-06-01,3694826
1930-07-01,1617780
1930-08-01,1792049
1930-09-01,654030
1930-10-01,572750
1930-11-01,421345
1930-12-01,285543
1931-01-01,263522
1931-02-01,366317
1931-03-01,443955
1931-04-01,712221
1931-05-01,1515196
1931-06-01,2105243
1931-07-01,1117417
1931-08-01,646449
1931-09-01,418724
1931-10-01,540290
1931-11-01,366047
1931-12-01,259509
1932-01-01,283166
1932-02-01,567584
1932-03-01,718988
1932-04-01,1774718
1932-05-01,4465792
1932-06-01,4265119
1932-07-01,2612448
1932-08-01,1298785
1932-09-01,657063
1932-10-01,367933
1932-11-01,377363
1932-12-01,276082
1933-01-01,268596
1933-02-01,253914
1933-03-01,503603
1933-04-01,579969
1933-05-01,1743460
1933-06-01,4801705
1933-07-01,1823753
1933-08-01,775347
1933-09-01,541019
1933-10-01,435826
1933-11-01,297560
1933-12-01,336431
1934-01-01,299475
1934-02-01,296945
1934-03-01,356855
1934-04-01,584844
1934-05-01,1509729
1934-06-01,1012200
1934-07-01,685711
1934-08-01,500747
1934-09-01,273377
1934-10-01,211958
1934-11-01,179678
1934-12-01,229039
1935-01-01,256895
1935-02-01,273633
1935-03-01,348946
1935-04-01,703982
1935-05-01,1659496
1935-06-01,4722051
1935-07-01,2171914
1935-08-01,919185
1935-09-01,572163
1935-10-01,385872
1935-11-01,321744
1935-12-01,272346
1936-01-01,268006
1936-02-01,320027
1936-03-01,467293
1936-04-01,1465536
1936-05-01,4139077
1936-06-01,3372480
1936-07-01,1631641
1936-08-01,1205683
1936-09-01,671727
1936-10-01,368541
1936-11-01,433435
1936-12-01,317678
1937-01-01,201426
1937-02-01,410110
1937-03-01,658450
1937-04-01,1594216
1937-05-01,3944714
1937-06-01,2999795
1937-07-01,1865597
1937-08-01,797151
1937-09-01,568041
1937-10-01,497824
1937-11-01,378744
1937-12-01,387864
1938-01-01,328744
1938-02-01,352001
1938-03-01,773246
1938-04-01,1725164
1938-05-01,3725399
1938-06-01,5360852
1938-07-01,2424331
1938-08-01,960014
1938-09-01,1004270
1938-10-01,589216
1938-11-01,473004
1938-12-01,405653
1939-01-01,343228
1939-02-01,302236
1939-03-01,809777
1939-04-01,1250651
1939-05-01,2975185
1939-06-01,2268860
1939-07-01,1050986
1939-08-01,585937
1939-09-01,644975
1939-10-01,343706
1939-11-01,308677
1939-12-01,283053
1940-01-01,261698
1940-02-01,298277
1940-03-01,425689
1940-04-01,780974
1940-05-01,2559692
1940-06-01,2218883
1940-07-01,940183
1940-08-01,494824
1940-09-01,507262
1940-10-01,721330
1940-11-01,407612
1940-12-01,365250
1941-01-01,350022
1941-02-01,416080
1941-03-01,668639
1941-04-01,1151420
1941-05-01,5436441
1941-06-01,4589254
1941-07-01,2362403
1941-08-01,1147302
1941-09-01,653866
1941-10-01,1781828
1941-11-01,893939
1941-12-01,567742
1942-01-01,410239
1942-02-01,393794
1942-03-01,646388
1942-04-01,2925816
1942-05-01,3586298
1942-06-01,4839156
1942-07-01,2019205
1942-08-01,875590
1942-09-01,393152
1942-10-01,346604
1942-11-01,365731
1942-12-01,361812
1943-01-01,339375
1943-02-01,336518
1943-03-01,523944
1943-04-01,1680079
1943-05-01,2483874
1943-06-01,3376876
1943-07-01,2074446
1943-08-01,1136590
1943-09-01,587709
1943-10-01,373350
1943-11-01,429906
1943-12-01,373574
1944-01-01,286268
1944-02-01,336371
1944-03-01,470091
1944-04-01,1050492
1944-05-01,3684541
1944-06-01,4815628
1944-07-01,2462721
1944-08-01,820700
1944-09-01,319005
1944-10-01,368992
1944-11-01,372201
1944-12-01,309893
1945-01-01,328314
1945-02-01,348379
1945-03-01,417545
1945-04-01,804371
1945-05-01,3255617
1945-06-01,3477253
1945-07-01,2445270
1945-08-01,1431286
1945-09-01,481097
1945-10-01,521528
1945-11-01,429534
1945-12-01,317955
1946-01-01,338315
1946-02-01,308656
1946-03-01,497646
1946-04-01,1227261
1946-05-01,1979996
1946-06-01,2754017
1946-07-01,1381140
1946-08-01,814739
1946-09-01,429471
1946-10-01,426221
1946-11-01,467621
1946-12-01,411605
1947-01-01,265012
1947-02-01,337511
1947-03-01,634786
1947-04-01,866015
1947-05-01,3702981
1947-06-01,3795350
1947-07-01,2677593
1947-08-01,1511965
1947-09-01,754605
1947-10-01,822944
1947-11-01,571046
1947-12-01,440793
1948-01-01,372936
1948-02-01,424395
1948-03-01,581990
1948-04-01,1708607
1948-05-01,4108490
1948-06-01,3909614
1948-07-01,1611566
1948-08-01,852879
1948-09-01,356405
1948-10-01,353187
1948-11-01,395870
1948-12-01,349159
1949-01-01,323922
1949-02-01,341251
1949-03-01,673055
1949-04-01,1439252
1949-05-01,3564293
1949-06-01,5184556
1949-07-01,2759686
1949-08-01,948988
1949-09-01,400298
1949-10-01,522751
1949-11-01,458617
1949-12-01,355922
1950-01-01,349824
1950-02-01,374692
1950-03-01,563807
1950-04-01,1281479
1950-05-01,2239709
1950-06-01,3862655
1950-07-01,1950714
1950-08-01,751542
1950-09-01,399789
1950-10-01,413820
1950-11-01,355486
1950-12-01,406352
1951-01-01,304993
1951-02-01,341914
1951-03-01,414822
1951-04-01,588687
1951-05-01,2133211
1951-06-01,3693973
1951-07-01,2155179
1951-08-01,1127697
1951-09-01,509573
1951-10-01,426832
1951-11-01,437328
1951-12-01,344670
1952-01-01,481218
1952-02-01,374985
1952-03-01,425813
1952-04-01,2449532
1952-05-01,5554490
1952-06-01,6221122
1952-07-01,2249717
1952-08-01,1214481
1952-09-01,669865
1952-10-01,365807
1952-11-01,365949
1952-12-01,368640
1953-01-01,398606
1953-02-01,355363
1953-03-01,450303
1953-04-01,569997
1953-05-01,1342116
1953-06-01,3943396
1953-07-01,1601452
1953-08-01,1001118
1953-09-01,392108
1953-10-01,310801
1953-11-01,419779
1953-12-01,338254
1954-01-01,313599
1954-02-01,329977
1954-03-01,380026
1954-04-01,705647
1954-05-01,1804002
1954-06-01,1385207
1954-07-01,1206426
1954-08-01,639193
1954-09-01,471089
1954-10-01,555384
1954-11-01,346374
1954-12-01,287298
1955-01-01,255833
1955-02-01,249237
1955-03-01,562115
1955-04-01,710931
1955-05-01,1993763
1955-06-01,2341513
1955-07-01,1174836
1955-08-01,885416
1955-09-01,346535
1955-10-01,219232
1955-11-01,275966
1955-12-01,342792
1956-01-01,365004
1956-02-01,280978
1956-03-01,571749
1956-04-01,1053972
1956-05-01,2926653
1956-06-01,3504889
1956-07-01,1112262
1956-08-01,680002
1956-09-01,288849
1956-10-01,191413
1956-11-01,302744
1956-12-01,259496
1957-01-01,297651
1957-02-01,333983
1957-03-01,474125
1957-04-01,878830
1957-05-01,2889416
1957-06-01,6790968
1957-07-01,4858314
1957-08-01,1949273
1957-09-01,985205
1957-10-01,746112
1957-11-01,810958
1957-12-01,498026
1958-01-01,390894
1958-02-01,527759
1958-03-01,671134
1958-04-01,1610427
1958-05-01,4780048
1958-06-01,4500477
1958-07-01,1257846
1958-08-01,653520
1958-09-01,423615
1958-10-01,328067
1958-11-01,354498
1958-12-01,361726
1959-01-01,304845
1959-02-01,305145
1959-03-01,354366
1959-04-01,487365
1959-05-01,1422316
1959-06-01,2877629
1959-07-01,1389991
1959-08-01,736482
1959-09-01,322670
1959-10-01,555144
1959-11-01,509873
1959-12-01,354067
1960-01-01,285975
1960-02-01,308663
1960-03-01,742510
1960-04-01,1748018
1960-05-01,2032109
1960-06-01,3235688
1960-07-01,1321275
1960-08-01,563700
1960-09-01,320255
1960-10-01,355068
1960-11-01,349739
1960-12-01,266387
1961-01-01,246005
1961-02-01,312749
1961-03-01,373366
1961-04-01,636851
1961-05-01,1695847
1961-06-01,2510332
1961-07-01,924536
1961-08-01,696176
1961-09-01,832005
1961-10-01,802533
1961-11-01,545887
1961-12-01,374486
1962-01-01,337574
1962-02-01,729411
1962-03-01,620161
1962-04-01,2585277
1962-05-01,4111052
1962-06-01,3887117
1962-07-01,2487676
1962-08-01,884750
1962-09-01,394885
1962-10-01,542207
1962-11-01,434429
1962-12-01,343926
1963-01-01,202192
1963-02-01,368705
1963-03-01,572022
1963-04-01,769091
1963-05-01,1860875
1963-06-01,1828576
1963-07-01,887456
1963-08-01,659621
1963-09-01,646109
1963-10-01,289986
1963-11-01,318158
1963-12-01,227749
1964-01-01,227247
1964-02-01,233631
1964-03-01,292967
1964-04-01,619011
1964-05-01,2430315
1964-06-01,2902376
1964-07-01,1664574
1964-08-01,847351
1964-09-01,327988
1964-10-01,250557
1964-11-01,290015
1964-12-01,328025
1965-01-01,342215
1965-02-01,345973
1965-03-01,393393
1965-04-01,1342599
1965-05-01,3336138
1965-06-01,5562406
1965-07-01,3750056
1965-08-01,1552006
1965-09-01,865586
1965-10-01,845065
1965-11-01,560645
1965-12-01,520577
1966-01-01,392813
1966-02-01,364477
1966-03-01,934639
1966-04-01,1247012
1966-05-01,2431492
1966-06-01,1843730
1966-07-01,1010284
1966-08-01,560905
1966-09-01,349087
1966-10-01,318330
1966-11-01,332153
1966-12-01,377204
1967-01-01,274882
1967-02-01,319861
1967-03-01,547277
1967-04-01,582418
1967-05-01,1846928
1967-06-01,3837961
1967-07-01,2033017
1967-08-01,835002
1967-09-01,403511
1967-10-01,259909
1967-11-01,325508
1967-12-01,239190
1968-01-01,321818
1968-02-01,387655
1968-03-01,494565
1968-04-01,619493
1968-05-01,2211325
1968-06-01,4952291
1968-07-01,1696878
1968-08-01,1420247
1968-09-01,409746
1968-10-01,432170
1968-11-01,394573
1968-12-01,313739
1969-01-01,400614
1969-02-01,361125
1969-03-01,545552
1969-04-01,1911511
1969-05-01,3765327
1969-06-01,2892809
1969-07-01,1991603
1969-08-01,858936
1969-09-01,584544
1969-10-01,694039
1969-11-01,518108
1969-12-01,391796
1970-01-01,357892
1970-02-01,347394
1970-03-01,421423
1970-04-01,585390
1970-05-01,3676415
1970-06-01,4071363
1970-07-01,1983374
1970-08-01,889796
1970-09-01,1118818
1970-10-01,613981
1970-11-01,489041
1970-12-01,393108
1971-01-01,430125
1971-02-01,450577
1971-03-01,607374
1971-04-01,1347701
1971-05-01,2442177
1971-06-01,4300957
1971-07-01,2078450
1971-08-01,938084
1971-09-01,636847
1971-10-01,652540
1971-11-01,539676
1971-12-01,474125
1972-01-01,462050
1972-02-01,441595
1972-03-01,798988
1972-04-01,835087
1972-05-01,1965462
1972-06-01,3708343
1972-07-01,1226087
1972-08-01,736448
1972-09-01,596036
1972-10-01,1226822
1972-11-01,641273
1972-12-01,476556
1973-01-01,458695
1973-02-01,497766
1973-03-01,900425
1973-04-01,1465480
1973-05-01,4431370
1973-06-01,4798972
1973-07-01,2669115
1973-08-01,951603
1973-09-01,619621
1973-10-01,404213
1973-11-01,460433
1973-12-01,384756
1974-01-01,399486
1974-02-01,357342
1974-03-01,768421
1974-04-01,951097
1974-05-01,3328233
1974-06-01,3254998
1974-07-01,1528236
1974-08-01,744535
1974-09-01,374319
1974-10-01,411664
1974-11-01,484637
1974-12-01,306568
1975-01-01,350225
1975-02-01,365190
1975-03-01,621998
1975-04-01,882677
1975-05-01,2759141
1975-06-01,4952047
1975-07-01,3845996
1975-08-01,1011572
1975-09-01,539275
1975-10-01,383206
1975-11-01,398555
1975-12-01,384482
1976-01-01,335304
1976-02-01,474033
1976-03-01,551879
1976-04-01,869618
1976-05-01,2503862
1976-06-01,2759573
1976-07-01,1295101
1976-08-01,749131
1976-09-01,501147
1976-10-01,417436
1976-11-01,353207
1976-12-01,260484
1977-01-01,300020
1977-02-01,304674
1977-03-01,276697
1977-04-01,376590
1977-05-01,617516
1977-06-01,951607
1977-07-01,666501
1977-08-01,602229
1977-09-01,393296
1977-10-01,315739
1977-11-01,328549
1977-12-01,322898
1978-01-01,379983
1978-02-01,321779
1978-03-01,646723
1978-04-01,1282138
1978-05-01,2739963
1978-06-01,4891173
1978-07-01,2420421
1978-08-01,794009
1978-09-01,410784
1978-10-01,342707
1978-11-01,487577
1978-12-01,404283
1979-01-01,389937
1979-02-01,405428
1979-03-01,807983
1979-04-01,1841552
1979-05-01,3975428
1979-06-01,4984302
1979-07-01,2472198
1979-08-01,1040920
1979-09-01,397551
1979-10-01,329704
1979-11-01,392478
1979-12-01,346704
1980-01-01,458077
1980-02-01,622752
1980-03-01,655406
1980-04-01,1519309
1980-05-01,4368268
1980-06-01,5169342
1980-07-01,2032963
1980-08-01,678335
1980-09-01,692292
1980-10-01,360320
1980-11-01,421051
1980-12-01,417794
1981-01-01,336138
1981-02-01,326115
1981-03-01,405151
1981-04-01,681386
1981-05-01,1243031
1981-06-01,2302325
1981-07-01,1094491
1981-08-01,512161
1981-09-01,580953
1981-10-01,674256
1981-11-01,438783
1981-12-01,361539
1982-01-01,304125
1982-02-01,399068
1982-03-01,683921
1982-04-01,1062206
1982-05-01,3194022
1982-06-01,4205319
1982-07-01,2753658
1982-08-01,1572444
1982-09-01,1019028
1982-10-01,885826
1982-11-01,638340
1982-12-01,548308
1983-01-01,430920
1983-02-01,490306
1983-03-01,979109
1983-04-01,1243410
1983-05-01,3820306
1983-06-01,7562573
1983-07-01,4405464
1983-08-01,1935092
1983-09-01,763602
1983-10-01,839494
1983-11-01,564531
1983-12-01,535996
1984-01-01,321706
1984-02-01,480916
1984-03-01,798677
1984-04-01,1578222
1984-05-01,6585269
1984-06-01,6426301
1984-07-01,3370127
1984-08-01,1806852
1984-09-01,872503
1984-10-01,895051
1984-11-01,659978
1984-12-01,557047
1985-01-01,489361
1985-02-01,486174
1985-03-01,1198879
1985-04-01,2816641
1985-05-01,5572200
1985-06-01,4672486
1985-07-01,2068710
1985-08-01,989855
1985-09-01,653764
1985-10-01,881918
1985-11-01,638993
1985-12-01,570565
1986-01-01,425482
1986-02-01,688526
1986-03-01,1071738
1986-04-01,2383344
1986-05-01,4287687
1986-06-01,6079981
1986-07-01,3155339
1986-08-01,1259091
1986-09-01,921205
1986-10-01,1167098
1986-11-01,925804
1986-12-01,617208
1987-01-01,423889
1987-02-01,655672
1987-03-01,1012610
1987-04-01,2142896
1987-05-01,3680292
1987-06-01,3037355
1987-07-01,1363166
1987-08-01,1001149
1987-09-01,581680
1987-10-01,498911
1987-11-01,609383
1987-12-01,336156
1988-01-01,318838
1988-02-01,458168
1988-03-01,730706
1988-04-01,1216157
1988-05-01,2187290
1988-06-01,2741681
1988-07-01,1291525
1988-08-01,800752
1988-09-01,491202
1988-10-01,415364
1988-11-01,290341
1988-12-01,268307
1989-01-01,231094
1989-02-01,366115
1989-03-01,869489
1989-04-01,1286247
1989-05-01,1774011
1989-06-01,1906000
1989-07-01,1082784
1989-08-01,753549
1989-09-01,354571
1989-10-01,308106
1989-11-01,329627
1989-12-01,249433
1990-01-01,270104
1990-02-01,270783
1990-03-01,429179
1990-04-01,691504
1990-05-01,1310091
1990-06-01,2633439
1990-07-01,1329243
1990-08-01,652886
1990-09-01,528103
1990-10-01,577452
1990-11-01,431132
1990-12-01,249564
1991-01-01,313077
1991-02-01,389306
1991-03-01,536506
1991-04-01,945040
1991-05-01,2353521
1991-06-01,3413181
1991-07-01,1443381
1991-08-01,919099
1991-09-01,774481
1991-10-01,331391
1991-11-01,550446
1991-12-01,361079
1992-01-01,314522
1992-02-01,468757
1992-03-01,679789
1992-04-01,1239056
1992-05-01,2476270
1992-06-01,2056918
1992-07-01,1232801
1992-08-01,830169
1992-09-01,554408
1992-10-01,374724
1992-11-01,430722
1992-12-01,298748
1993-01-01,546709
1993-02-01,496802
1993-03-01,979548
1993-04-01,1536756
1993-05-01,4865044
1993-06-01,5050774
1993-07-01,2293543
1993-08-01,1098081
1993-09-01,655646
1993-10-01,540074
1993-11-01,412280
1993-12-01,349319
1994-01-01,378281
1994-02-01,358336
1994-03-01,708731
1994-04-01,928504
1994-05-01,2495589
1994-06-01,2421694
1994-07-01,933928
1994-08-01,623250
1994-09-01,493286
1994-10-01,500454
1994-11-01,397124
1994-12-01,377640
1995-01-01,336051
1995-02-01,437789
1995-03-01,928142
1995-04-01,859253
1995-05-01,2629972
1995-06-01,6372018
1995-07-01,4823602
1995-08-01,1558723
1995-09-01,578822
1995-10-01,545373
1995-11-01,467490
1995-12-01,384495
1996-01-01,374895
1996-02-01,488753
1996-03-01,532093
1996-04-01,1219467
1996-05-01,3542974
1996-06-01,3578166
1996-07-01,1810730
1996-08-01,646918
1996-09-01,474046
1996-10-01,503490
1996-11-01,605877
1996-12-01,450636
1997-01-01,467769
1997-02-01,396825
1997-03-01,1174143
1997-04-01,1700975
1997-05-01,4875540
1997-06-01,6011641
1997-07-01,2174078
1997-08-01,1468517
1997-09-01,1320160
1997-10-01,961806
1997-11-01,642019
1997-12-01,462106
1998-01-01,501810
1998-02-01,449791
1998-03-01,834898
1998-04-01,1513624
1998-05-01,3845236
1998-06-01,3547558
1998-07-01,2379099
1998-08-01,1136428
1998-09-01,693169
1998-10-01,685425
1998-11-01,712314
1998-12-01,395575
1999-01-01,469945
1999-02-01,446162
1999-03-01,669772
1999-04-01,915686
1999-05-01,2818277
1999-06-01,4454366
1999-07-01,2337823
1999-08-01,1612875
1999-09-01,914545
1999-10-01,466218
1999-11-01,393136
1999-12-01,366403
2000-01-01,407194
2000-02-01,419429
2000-03-01,556284
2000-04-01,1214234
2000-05-01,2682285
2000-06-01,2172263
2000-07-01,945794
2000-08-01,505378
2000-09-01,432789
2000-10-01,456310
2000-11-01,402345
2000-12-01,357656
2001-01-01,325135
2001-02-01,340711
2001-03-01,656232
2001-04-01,1002353
2001-05-01,3023902
2001-06-01,2219368
2001-07-01,1037678
2001-08-01,787930
2001-09-01,430014
2001-10-01,283888
2001-11-01,340204
2001-12-01,289087
2002-01-01,283461
2002-02-01,258066
2002-03-01,385232
2002-04-01,624596
2002-05-01,819927
2002-06-01,1058035
2002-07-01,656003
2002-08-01,403375
2002-09-01,531735
2002-10-01,353777
2002-11-01,417902
2002-12-01,296035
2003-01-01,296578
2003-02-01,288760
2003-03-01,538069
2003-04-01,719794
2003-05-01,2234378
2003-06-01,2881311
2003-07-01,1200406
2003-08-01,629102
2003-09-01,675294
2003-10-01,389522
2003-11-01,423600
2003-12-01,355169
2004-01-01,317290
2004-02-01,346125
2004-03-01,778272
2004-04-01,1120266
2004-05-01,2004606
2004-06-01,1782944
2004-07-01,1071723
2004-08-01,526680
2004-09-01,477768
2004-10-01,625907
2004-11-01,586391
2004-12-01,435320
2005-01-01,677410
2005-02-01,570876
2005-03-01,726838
2005-04-01,1731826
2005-05-01,4021978
2005-06-01,4217324
2005-07-01,1925079
2005-08-01,876200
2005-09-01,497224
2005-10-01,734784
2005-11-01,510294
2005-12-01,402991
2006-01-01,420059
2006-02-01,354291
2006-03-01,547722
2006-04-01,1509722
2006-05-01,3167035
2006-06-01,2461315
2006-07-01,1165034
2006-08-01,798529
2006-09-01,542033
2006-10-01,1532742
2006-11-01,583195
2006-12-01,421373
2007-01-01,357434
2007-02-01,464338
2007-03-01,1004126
2007-04-01,1180522
2007-05-01,2497231
2007-06-01,2116041
2007-07-01,1073427
2007-08-01,836665
2007-09-01,488917
2007-10-01,577736
2007-11-01,423613
2007-12-01,433394
2008-01-01,392339
2008-02-01,477818
2008-03-01,747657
2008-04-01,1341404
2008-05-01,3495563
2008-06-01,4741260
2008-07-01,2214878
2008-08-01,875577
2008-09-01,489723
2008-10-01,443514
2008-11-01,435483
2008-12-01,348273
2009-01-01,400846
2009-02-01,396313
2009-03-01,571127
2009-04-01,1221852
2009-05-01,4100861
2009-06-01,3432478
2009-07-01,1854486
2009-08-01,644206
2009-09-01,416891
2009-10-01,376450
2009-11-01,404115
2009-12-01,270309
2010-01-01,381438
2010-02-01,374015
2010-03-01,624874
2010-04-01,1320919
2010-05-01,2158471
2010-06-01,3724823
2010-07-01,1252298
2010-08-01,957937
2010-09-01,473124
2010-10-01,554921
2010-11-01,408757
2010-12-01,477401
2011-01-01,325059
2011-02-01,336160
2011-03-01,657299
2011-04-01,1243435
2011-05-01,3039384
2011-06-01,6635490
2011-07-01,4473936
2011-08-01,1297095
2011-09-01,709931
2011-10-01,637403
2011-11-01,532357
2011-12-01,368287
2012-01-01,385644
2012-02-01,387420
2012-03-01,735917
2012-04-01,1224646
2012-05-01,1357084
2012-06-01,1079676
2012-07-01,757993
2012-08-01,648768
2012-09-01,384654
2012-10-01,349581
2012-11-01,329827
2012-12-01,253405
2013-01-01,243608
2013-02-01,304604
2013-03-01,370522
2013-04-01,557176
2013-05-01,1944880
2013-06-01,1963837
2013-07-01,907659
2013-08-01,754475
2013-09-01,1135358
2013-10-01,648230
2013-11-01,538939
2013-12-01,357746
2014-01-01,341144
2014-02-01,389595
2014-03-01,562305
2014-04-01,1246470
2014-05-01,2847484
2014-06-01,3815763
2014-07-01,1530457
2014-08-01,912665
2014-09-01,791483
2014-10-01,877338
2014-11-01,484835
2014-12-01,446883
2015-01-01,432182
2015-02-01,533416
2015-03-01,708954
2015-04-01,849948
2015-05-01,2076928
2015-06-01,4173501
2015-07-01,1652658
2015-08-01,684908
2015-09-01,489946
2015-10-01,621979
2015-11-01,447194
2015-12-01,344894
2016-01-01,385180
2016-02-01,459915
2016-03-01,689567
2016-04-01,1102975
2016-05-01,2919969
2016-06-01,3876911
2016-07-01,1397683
2016-08-01,666606
2016-09-01,526557
2016-10-01,569851
2016-11-01,447657
2016-12-01,376013
2017-01-01,444576
2017-02-01,609731
2017-03-01,1300342
2017-04-01,1875272
2017-05-01,3128722
2017-06-01,4435385
2017-07-01,1862497
2017-08-01,937980
2017-09-01,408486
2017-10-01,556480
2017-11-01,425304
2017-12-01,310903
2018-01-01,308888
2018-02-01,333695
2018-03-01,452867
2018-04-01,713374
2018-05-01,2085179
2018-06-01,1665616
2018-07-01,887322
2018-08-01,514280
2018-09-01,379554
2018-10-01,495086
2018-11-01,319804
2018-12-01,285267
2019-01-01,292933
2019-02-01,332736
2019-03-01,751851
2019-04-01,1672423
2019-05-01,3036916
2019-06-01,5611270
2019-07-01,3389369
2019-08-01,1064990
2019-09-01,419404
2019-10-01,335777
2019-11-01,428188
2019-12-01,385511
2020-01-01,340427
2020-02-01,349858
2020-03-01,607695
2020-04-01,729048
2020-05-01,2359724
2020-06-01,2402749
2020-07-01,1041948
2020-08-01,549578
2020-09-01,357090
2020-10-01,279133
2020-11-01,321457
2020-12-01,219275
